SKU,name,orderedQuantity,stockLevel,restockingLeadTime
GGOEGDHQ014899,20 oz Stainless Steel Insulated Tumbler,499,652,2
GGOEGOAB022499,Satin Black Ballpoint Pen,403,477,2
GGOEYHPB072210," Twill Cap",1429,1997,2
GGOEGEVB071799," Pocket Bluetooth Speaker",214,246,2
GGOEYOLR018699," Leatherette Notebook Combo",1148,1276,2
GGOEGOXQ016399,Badge Holder,916,1186,2
GGOEGAAX0074," 22 oz Water Bottle",8942,15607,2
GGOEGHPB003410," Snapback Hat Black",230,105,3
GGOEGOAA017199,Rubber Grip Ballpoint Pen 4 Pack,1515,1791,3
GGOEGFKQ020399," Laptop and Cell Phone Stickers",1033,1516,3
GGOEGOAB021499,Metal Texture Roller Pen,390,775,3
GGOEYOCR077399," RFID Journal",935,433,3
GGOEGBJL013999," Canvas Tote Natural/Navy",551,602,3
GGOEGCKQ013199,1 oz Hand Sanitizer,381,679,3
GGOEADHH055999,22 oz Android Bottle,597,738,4
GGOEGDHC018299," 22 oz Water Bottle",10075,19678,4
GGOEGAAX0081,Recycled Paper Journal Set,545,740,5
GGOEGALB036514," Women's Scoop Neck Tee Black",116,154,5
GGOENEBQ084699," Learning Thermostat 3rd Gen-USA - White",849,1142,5
GGOEGCBB074199," Car Clip Phone Holder",171,205,5
GGOEGOAR013599,Ballpoint Stylus Pen,769,942,5
GGOEGFSR022099," Kick Ball",15170,723,5
GGOEGAAB033813," Men's Vintage Badge Tee Black",72,135,5
GGOEGHPJ080110," 5-Panel Cap",47,87,5
GGOEGOAQ018099,Pen Pencil & Highlighter Set,1067,1939,5
GGOEGBRJ037399," Rucksack",212,228,5
GGOEGOLC014299," Metallic Notebook Set",2718,610,5
GGOEGAAX0098,"7"" Dog Frisbee",197,376,5
GGOEGHGR019499," Sunglasses",1046,1195,5
GGOEYAEJ029514," Women's Short Sleeve Tri-blend Badge Tee Charcoal",81,88,5
GGOEAKDH019899,Windup Android,1351,1674,5
GGOEGAAJ032614," Men's Short Sleeve Badge Tee Charcoal",62,97,5
GGOEGOFH020299," Screen Cleaning Cloth",844,1324,5
GGOEAHPJ074410,Android Twill Cap,91,161,5
GGOEGAAJ032316," Men's Short Sleeve Hero Tee Charcoal",59,98,5
GGOEGAAJ032813," Men's Long & Lean Tee Charcoal",52,85,5
GGOEGAAJ080615," Men's Bike Short Sleeve Tee Charcoal",78,129,5
GGOEGAAX0037," Sunglasses",4204,6805,5
GGOEGAWH061348," Onesie Green",67,110,5
GGOEGFKQ020799," Doodle Decal",1290,2080,5
GGOEGAAX0655," Toddler Short Sleeve T-shirt Grey",65,123,5
GGOEGCVB072399," Executive Umbrella",242,458,5
GGOEGHPB071610," Twill Cap",917,1755,5
GGOEGPJR018999,"7"" Dog Frisbee",168,324,5
GGOEGAAX0365," Women's Scoop Neck Tee Black",65,73,6
GGOEGHGH019699," Sunglasses",1573,2086,6
GGOEGAAH034015," Men's Vintage Badge Tee Sage",226,390,6
GGOEGAAX0795,25L Classic Rucksack,66,114,6
GGOEGAEJ028013," Women's Short Sleeve Hero Tee Grey",70,117,6
GGOEGAXJ065555," Toddler Short Sleeve T-shirt Grey",56,93,6
GGOEGBJC014399," Tote Bag",92,155,6
GGOEGAAX0318," Men's Short Sleeve Hero Tee Black",151,275,6
GGOEGALQ034213," Women's Vintage Hero Tee White",78,94,6
GGOEGHPJ080310," Blackout Cap",299,415,6
GGOEWFKA083299," Mood Ninja Window Decal",48,94,6
GGOEGEVR014999," Water Resistant Bluetooth Speaker",183,205,6
GGOEGAAJ057015," Men's Short Sleeve Performance Badge Tee Charcoal",88,137,6
GGOEGKWQ060910," Bib White",65,116,6
GGOEGAWN062749," Infant Zip Hood Pink",89,147,6
GGOEGAWQ062949," Baby Essentials Set",211,349,6
GGOEGAFB035815," Men's  Zip Hoodie",52,98,6
GGOEGETB023799," Power Bank",156,210,7
GGOEGEVB070599," G Noise-reducing Bluetooth Headphones",101,132,7
GGOENEBJ079499," Learning Thermostat 3rd Gen-USA - Stainless Steel",1886,2525,7
GGOEYDHJ056099,22 oz  Bottle Infuser,1465,1944,7
GGOEGCMB020932,Suitcase Organizer Cubes,295,342,7
GGOEGCBN016899," Pet Feeding Mat",48,69,7
GGOEADWQ015699,Android Rise 14 oz Mug,306,342,7
GGOEGFQB013799,Compact Selfie Stick,268,297,7
GGOEGAAQ010413," Men's 100% Cotton Short Sleeve Hero Tee White",133,167,7
GGOEADHH073999,Android 17oz Stainless Steel Sport Bottle,210,283,8
GGOEGAAJ032313," Men's Short Sleeve Hero Tee Charcoal",46,61,8
GGOEGEVB070899," Bongo Cupholder Bluetooth Speaker",85,115,8
GGOEGHGT019599," Sunglasses",887,376,8
GGOEGAAX0338," Men's Vintage Badge Tee Black",433,677,8
GGOEGAAX0781," Leather Journal",119,181,8
GGOEGAWQ062953," Baby Essentials Set",231,346,8
GGOEGETR014599," Tube Power Bank",218,72,8
GGOEGHPB080410," 5-Panel Snapback Cap",151,219,8
GGOEGALB034114," Women's Vintage Hero Tee Black",121,155,8
GGOEGOAC021799,Ballpoint Pen Blue,226,400,8
GGOEGAAX0107," Men's 100% Cotton Short Sleeve Hero Tee Red",40,72,8
GGOEGAAX0339," Men's Vintage Badge Tee White",137,210,9
GGOEGESC014699,Aluminum Handy Emergency Flashlight,66,90,9
GGOEGPJC203399,Crunch Noise Dog Toy,262,352,9
GGOEGALB034115," Women's Vintage Hero Tee Black",124,213,9
GGOENEBD084799," Learning Thermostat 3rd Gen-USA - Copper",324,564,9
GGOEAOCB077499,Android RFID Journal,73,86,9
GGOEAHPA004110,Android Wool Heather Cap Heather/Black,168,305,9
GGOEGFKA022299,Keyboard DOT Sticker,480,189,9
GGOEGAAQ010415," Men's 100% Cotton Short Sleeve Hero Tee White",221,335,9
GGOEGDHR018499," 22 oz Water Bottle",975,1482,9
GGOEGGOA017399,Maze Pen,1748,324,9
GGOEGAAX0351," Men's Vintage Henley",79,133,9
GGOEGAAX0340," Men's Vintage Badge Tee Sage",254,442,9
GGOEGOCR078499," Spiral Leather Journal",401,449,9
GGOEGBMJ013399,Sport Bag,2299,2877,9
GGOEGALB034116," Women's Vintage Hero Tee Black",79,121,9
GGOEGDHQ015399,26 oz Double Wall Insulated Bottle,845,256,9
GGOEGOCD078199," Leather Journal-Brown",275,451,9
GGOEAOCH077899,Android Spiral Journal with Pen,665,1280,9
GGOEGBMB073799," Zipper-front Sports Bag",162,307,9
GGOEGAAJ059115," Men's Short Sleeve Performance Badge Tee Pewter",77,131,10
GGOENEBQ078999," Cam Outdoor Security Camera - USA",2719,4683,10
GGOEGOCC077999," Spiral Journal with Pen",3896,4668,10
GGOEGAAX0353," Vintage Henley Grey/Black",57,95,10
GGOEGFYQ016599,Foam Can and Bottle Cooler,2442,4495,10
GGOEGAAX0317," Men's Short Sleeve Hero Tee White",50,86,10
GGOEGAAQ033915," Men's Vintage Badge Tee White",111,120,10
GGOEGBRA037499,Waterproof Backpack,215,230,10
GGOEGFAQ016699,Bottle Opener Clip,362,381,10
GGOEGAAX0629," Baby Essentials Set",126,194,10
GGOEGOCB078299," Leather Journal-Black",224,354,10
GGOEGAAB010514," Men's 100% Cotton Short Sleeve Hero Tee Black",681,1101,10
GGOEGGCX056299,Gift Card - $25.00,65,107,10
GGOEGAEC033115," Men's Long Sleeve Raglan Ocean Blue",66,125,10
GGOEGAEB027815," Women's Short Sleeve Hero Tee Black",163,200,11
GGOEGPJC019099,"7"" Dog Frisbee",133,154,11
GGOENEBQ079099," Protect Smoke + CO White Battery Alarm-USA",999,325,11
GGOEGAAQ033916," Men's Vintage Badge Tee White",85,156,11
GGOEGOLC013299,Spiral Notebook and Pen Set,3582,6708,11
GGOEGOAQ012899,Ballpoint LED Light Pen,1415,2098,11
GGOEGEHQ024099,Clip-on Compact Charger,745,1468,11
GGOEGESC014099,Rocket Flashlight,123,242,11
GGOEYAFB073113," Men's Fleece Hoodie Black",79,99,11
GGOEGBCR024399," Lunch Bag",160,290,11
GGOEGBJC019999,Collapsible Shopping Bag,1184,117,11
GGOEWFKA082999," Baby on Board Window Decal",251,415,11
GGOEGAEB027813," Women's Short Sleeve Hero Tee Black",130,252,11
GGOEGCNB021099,Seat Pack Organizer,160,304,11
GGOEGAAX0325," Men's Short Sleeve Hero Tee Charcoal",53,104,12
GGOEAAXC066429,Android Toddler Short Sleeve T-shirt Aqua,81,99,12
GGOEGKAA019299,Switch Tone Color Crayon Pen,1163,388,12
GGOEGALB036513," Women's Scoop Neck Tee Black",66,91,12
GGOEGBPB082099,UpCycled Handlebar Bag,76,107,12
GGOEAFKQ020499,8 pc Android Sticker Sheet,336,613,12
GGOEGBPB021199," Slim Utility Travel Bag",276,516,12
GGOEGBPB081999,UpCycled Bike Saddle Bag,42,79,12
GGOEGAAR010716," Men's 100% Cotton Short Sleeve Hero Tee Red",70,90,12
GGOEACCQ017299,Android Lunch Kit,107,163,12
GGOEGDHC015299,23 oz Wide Mouth Sport Bottle,402,142,12
GGOEGAAB010516," Men's 100% Cotton Short Sleeve Hero Tee Black",90,148,12
GGOEGAAX0104," Men's 100% Cotton Short Sleeve Hero Tee White",528,749,12
GGOEGBRJ037299," Alpine Style Backpack",165,272,12
GGOEGAAB033815," Men's Vintage Badge Tee Black",439,578,13
GGOEGOBG023599,Colored Pencil Set,269,367,13
GGOEGOCR017899,Recycled Paper Journal Set,2524,4975,13
GGOEGALB036515," Women's Scoop Neck Tee Black",55,62,13
GGOEGOBC078699," Luggage Tag",629,713,13
GGOENEBQ079199," Protect Smoke + CO White Wired Alarm-USA",1244,1361,13
GGOEAFKQ020599,Android Sticker Sheet Ultra Removable,363,449,13
GGOEGOCC077299," RFID Journal",1834,2839,13
GGOEYOCR077799," Hard Cover Journal",1330,2046,13
GGOEGHGC019799," Sunglasses",1361,2444,13
GGOEGAAX0363," Women's Long Sleeve Tee Lavender",80,128,13
GGOEAAAJ032914,Android Men's Long & Lean Badge Tee Charcoal,68,129,13
GGOEGDHC074099," 17oz Stainless Steel Sport Bottle",716,1390,13
GGOEGOCD078399," Leather Perforated Journal",687,1305,13
GGOEGAAX0334,Android Men's Long Sleeve Badge Crew Tee Heather,44,87,13
GGOEGALB034113," Women's Vintage Hero Tee Black",116,153,14
GGOEGAFB035814," Men's  Zip Hoodie",90,156,14
GGOEYFKQ020699," Custom Decals",3786,4536,14
GGOEGDHJ082599," 17 oz Double Wall Stainless Steel Insulated Bottle",456,633,14
GGOEGAAR010715," Men's 100% Cotton Short Sleeve Hero Tee Red",139,146,14
GGOEGAAB033817," Men's Vintage Badge Tee Black",93,119,14
GGOENEBJ081899," Learning Thermostat 3rd Gen - CA - Stainless Steel",54,69,14
GGOEGAAX0342," Women's Vintage Hero Tee White",127,172,14
GGOEGESB015099,Basecamp Explorer Powerbank Flashlight,200,306,14
GGOEGAAB033814," Men's Vintage Badge Tee Black",222,395,14
GGOEGESQ016799,Plastic Sliding Flashlight,1570,2561,14
GGOEGAAQ033917," Men's Vintage Badge Tee White",40,76,14
GGOEGAAR010714," Men's 100% Cotton Short Sleeve Hero Tee Red",48,92,14
GGOEGOCL077699," Hard Cover Journal",1113,2171,14
GGOEYAFB073114," Men's Fleece Hoodie Black",74,143,14
GGOEGAAJ032715," Men's Long & Lean Tee Grey",73,100,15
GGOEGBMC056599,Waterproof Gear Bag,140,261,15
GGOEGAAX0313," Tri-blend Hoodie Grey",59,101,15
GGOEGALJ034413," Women's Vintage Hero Tee Platinum",48,94,15
GGOEGAWN062750," Infant Zip Hood Pink",86,97,15
GGOEGCBC074299," Device Stand",154,195,15
GGOEAAEJ035714,Android Men's Vintage Tank,42,64,15
GGOEGAAJ032814," Men's Long & Lean Tee Charcoal",163,295,15
GGOEGAAX0360," Women's Fleece Hoodie",58,78,15
GGOEWEBB082699," Mobile Phone Vent Mount",68,129,15
GGOEYAEJ029515," Women's Short Sleeve Tri-blend Badge Tee Charcoal",94,111,16
GGOEGALQ034214," Women's Vintage Hero Tee White",90,125,16
GGOEGAAJ032816," Men's Long & Lean Tee Charcoal",165,309,16
GGOEGAAQ010414," Men's 100% Cotton Short Sleeve Hero Tee White",94,186,16
GGOEAAAJ031916,Android Men's Short Sleeve Hero Tee Heather,79,84,16
GGOEGAAJ080614," Men's Bike Short Sleeve Tee Charcoal",50,53,16
GGOEGBRB013899," Laptop Backpack",155,178,16
GGOEGAAX0358," Men's  Zip Hoodie",178,235,16
GGOEGEVA022399,Micro Wireless Earbud,185,234,16
GGOEGAWC062848," Infant Zip Hood Royal Blue",35,62,16
GGOEGAAX0278," Women's Short Sleeve Hero Tee Black",95,121,16
GGOEGAEJ028015," Women's Short Sleeve Hero Tee Grey",72,138,16
GGOEGADJ056815," Men's Watershed Full Zip Hoodie Grey",57,105,17
GGOEGEHQ071199," High Capacity 10,400mAh Charger",73,84,17
GGOEGAAX0568," Men's Watershed Full Zip Hoodie Grey",54,75,17
GGOEGAAJ032817," Men's Long & Lean Tee Charcoal",58,102,17
GGOEGAAX0731," Men's Fleece Hoodie Black",94,142,17
GGOEYAFB073115," Men's Fleece Hoodie Black",108,175,17
GGOEGAAQ033914," Men's Vintage Badge Tee White",121,237,18
GGOEGAAH034016," Men's Vintage Badge Tee Sage",193,248,18
GGOEGAEJ028014," Women's Short Sleeve Hero Tee Grey",90,114,18
GGOEGAQB036013," Women's Fleece Hoodie",58,73,18
GGOEYAEJ029513," Women's Short Sleeve Tri-blend Badge Tee Charcoal",56,89,18
GGOEGAEC033114," Men's Long Sleeve Raglan Ocean Blue",44,71,18
GGOEAAAJ031915,Android Men's Short Sleeve Hero Tee Heather,101,193,18
GGOEGAAJ032315," Men's Short Sleeve Hero Tee Charcoal",133,182,19
GGOEGAAB010515," Men's 100% Cotton Short Sleeve Hero Tee Black",134,193,19
GGOEGAAH034014," Men's Vintage Badge Tee Sage",193,277,19
GGOEGAEB027814," Women's Short Sleeve Hero Tee Black",124,173,19
GGOEGAAX0341," Women's Vintage Hero Tee Black",188,332,19
GGOEGAAX0105," Men's 100% Cotton Short Sleeve Hero Tee Black",62,105,19
GGOEGCBC016999," Pet Feeding Mat",105,115,19
GGOEGAAJ032815," Men's Long & Lean Tee Charcoal",161,251,19
GGOEGAAX0622," Infant Short Sleeve Tee White",34,55,19
GGOEGDWR015799,Red Shine 15 oz Mug,1058,1417,20
GGOEGOAQ020099,Four Color Retractable Pen,2002,2450,22
GGOEGBFC018799,Electronics Accessory Pouch,330,568,29
GGOEGDHR082199," 25 oz Red Stainless Steel Bottle",221,341,30
GGOEGCBQ016499,SPF-15 Slim & Slender Lip Balm,3682,4069,31
GGOEGOAJ021599,Gunmetal Roller Ball Pen,740,1321,36
GGOEGOCB017499,Leatherette Journal,3071,4978,36
GGOEGODR017799,Recycled Mouse Pad,1033,1756,39
GGOEGOAR013099," Stylus Pen w/ LED Light",1100,2164,39
GGOENEBB078899," Cam Indoor Security Camera - USA",2139,2615,42
GGOEGAFJ036214," Men's Pullover Hoodie Grey",13,24,8
GGOEAAAB081014,Android Men's Outerstellar Short Sleeve Tee Black,13,24,15
GGOEGAEC029113," Women's Short Sleeve Hero Tee Sky Blue",15,24,7
GGOEGAAX0627," Infant Zip Hood Pink",18,35,8
GGOEGAAC032114," Men's Short Sleeve Hero Tee Light Blue",20,35,19
GGOEGATB060213," Women's 1/4 Zip Performance Pullover Black",21,35,14
GGOEGAEJ031314," Tri-blend Hoodie Grey",23,45,17
GGOEGAAX0597," Men's Quilted Insulated Vest Battleship Grey",24,45,11
GGOEGAYT068524," Youth Short Sleeve T-shirt Yellow",25,46,19
GGOENEBQ081799," Protect Smoke + CO White Wired Alarm - CA",26,49,15
GGOEGAEC033113," Men's Long Sleeve Raglan Ocean Blue",26,36,18
GGOEGAXC065628," Toddler Hoodie Royal Blue",27,45,15
GGOEGAAX0761,Android Stretch Fit Hat Black,27,52,19
GGOEGAAX0613," Onesie Green",29,49,19
GGOEGAXC065655," Toddler Hoodie Royal Blue",30,47,5
GGOEGAYL068156," Youth Sports Tee Navy",30,48,6
GGOEAAEJ030913,Android Women's Long Sleeve Blended Cardigan Grey,30,58,12
GGOEGAAX0280," Women's Short Sleeve Hero Tee Grey",30,52,19
GGOEGAAX0617,Android Onesie Gold,31,53,6
GGOEGAAJ032616," Men's Short Sleeve Badge Tee Charcoal",31,48,8
GGOEAHPJ004213,Android Stretch Fit Hat S/M,31,53,12
GGOEGAAX0570," Men's Short Sleeve Performance Badge Tee Charcoal",31,57,14
GGOEGAAJ032613," Men's Short Sleeve Badge Tee Charcoal",32,46,7
GGOEGAAB010513," Men's 100% Cotton Short Sleeve Hero Tee Black",32,35,7
GGOEGAEJ031313," Tri-blend Hoodie Grey",32,62,16
GGOEGAAX0357,Android Men's Vintage Tank,33,57,10
GGOEGAAX0606," Women's Convertible Vest-Jacket Black",37,48,10
GGOEAXXX0808,Android Men's Engineer Short Sleeve Tee Charcoal,37,55,11
GGOEAAAJ031917,Android Men's Short Sleeve Hero Tee Heather,37,57,12
GGOEGAAX0620," Infant Short Sleeve Tee Green",38,52,7
GGOEAAAP081214,Android Men's Take Charge Short Sleeve Tee Purple,38,68,8
GGOEYAEA035115," Men's Vintage Henley",38,53,17
GGOENEBB081499," Cam Indoor Security Camera - CA",38,72,19
GGOEGADJ056814," Men's Watershed Full Zip Hoodie Grey",41,57,9
GGOEGAAX0651," Toddler Short Sleeve Tee Red",41,71,18
GGOEYAEA035113," Men's Vintage Henley",45,87,10
GGOEYAWJ061449," Onesie Heather",45,71,11
GGOEGBRC021399,Yoga Mat Blue,45,60,15
GGOEGAAX0168," Pet Feeding Mat",45,83,18
GGOEGCBB074399," Device Holder Sticky Pad",49,94,8
GGOEAAEJ033414,Android Men's Long Sleeve Badge Crew Tee Heather,49,95,13
GGOEGAAJ032714," Men's Long & Lean Tee Grey",49,81,14
GGOEAAAQ032013,Android Men's Short Sleeve Hero Tee White,49,95,15
GGOEAAAJ031913,Android Men's Short Sleeve Hero Tee Heather,49,68,19
GGOEGALQ036614," Women's Scoop Neck Tee White",49,52,19
GGOEAAEJ033415,Android Men's Long Sleeve Badge Crew Tee Heather,51,92,8
GGOEGAAX0366," Women's Scoop Neck Tee White",51,81,18
GGOEGAAX0610," Onesie Red/Graphite",51,63,19
GGOEGAAJ032615," Men's Short Sleeve Badge Tee Charcoal",63,105,6
GGOEAAXC066430,Android Toddler Short Sleeve T-shirt Aqua,63,72,7
GGOEWFKA083199," Mood Original Window Decal",63,66,8
GGOEGAAL010615," Men's 100% Cotton Short Sleeve Hero Tee Navy",63,66,14
GGOEGAAX0356," Men's Vintage Tank",63,119,15
GGOEA0CH077599,Android Hard Cover Journal,63,102,17
GGOEGAAJ059114," Men's Short Sleeve Performance Badge Tee Pewter",69,107,7
GGOEAAAJ031914,Android Men's Short Sleeve Hero Tee Heather,69,126,8
GGOEAAAJ032915,Android Men's Long & Lean Badge Tee Charcoal,69,88,12
GGOEGACB023699,Yoga Block,69,78,14
GGOEGAWC062849," Infant Zip Hood Royal Blue",69,108,19
9180811,Plastic Sliding Flashlight,0,0,5
9182863," Toddler Sports T-shirt Red",0,0,5
9181572,Android Wool Heather Cap Heather/Black,0,0,5
9181151,Gift Card - $50.00,0,0,5
9180808,Basecamp Explorer Powerbank Flashlight,0,0,5
9180833,Rubber Grip Ballpoint Pen 4 Pack,0,0,5
9180814,Micro Wireless Earbud,0,0,5
9182721," Men's 100% Cotton Short Sleeve Hero Tee Black",0,0,5
9182873,Android Toddler Short Sleeve T-shirt Pink,0,0,5
9183240,25L Classic Rucksack,0,0,5
9181138," Rucksack",0,0,5
9180850,Ballpoint Stylus Pen,0,0,6
9183118," Women's Fleece Hoodie Black",0,0,6
9182750," Men's Performance 1/4 Zip Pullover Heather/Black",0,0,6
9180770,Yoga Mat Blue,0,0,6
9182771," Women's 1/4 Zip Jacket Charcoal",0,0,6
GGOEGHPA003010," Wool Heather Cap Heather/Navy",0,0,6
9182709,Android Women's Long Sleeve Blended Cardigan Grey,0,0,6
9180759," Lunch Bag",0,0,6
9180756,Windup Android,0,0,6
9180762," Tote Bag",0,0,6
9182816," Infant Zip Hood Royal Blue",0,0,6
9184682," Mobile Phone Vent Mount",0,0,7
9182179,Android Women's Short Sleeve Badge Tee Dark Heather,0,0,7
9183205," Zipper-front Sports Bag",0,0,7
9182743," Men's Microfiber 1/4 Zip Pullover Blue/Indigo",0,0,7
9182705,Android Men's Long & Lean Badge Tee Charcoal,0,0,7
9180782,Seat Pack Organizer,0,0,7
9183226,Android Luggage Tag,0,0,7
9182383," Men's Watershed Full Zip Hoodie Grey",0,0,7
9184676,UpCycled Handlebar Bag,0,0,7
9180781,Suitcase Organizer Cubes,0,0,7
9182769," Women's Short Sleeve Performance Tee Pewter",0,0,7
9182722," Men's 100% Cotton Short Sleeve Hero Tee Navy",0,0,7
9183230," Protect Smoke + CO White Battery Alarm-USA",0,0,7
9180820," Doodle Decal",0,0,7
9180769," Laptop Backpack",0,0,7
9183196," 4400mAh Power Bank",0,0,7
9183222," Leather Perforated Journal",0,0,7
GGOEGAAX0581," Women's Colorblock Tee White",0,0,8
9183203," Device Holder Sticky Pad",0,0,8
9183234," Learning Thermostat 3rd Gen-USA - Stainless Steel",0,0,8
9182980," Pet Feeding Mat",0,0,8
9184681," 17 oz Double Wall Stainless Steel Insulated Bottle",0,0,8
9180838,Metal Texture Roller Pen,0,0,8
9180767," Slim Utility Travel Bag",0,0,8
9182785," Women's Lightweight Microfleece Jacket",0,0,8
9180792,20 oz Stainless Steel Insulated Tumbler,0,0,8
9182176,Android Women's Short Sleeve Badge Tee Dark Heather,0,0,8
9182738," Women's Long Sleeve Blended Cardigan Charcoal",0,0,8
9180766,Sport Bag,0,0,8
9180793,26 oz Double Wall Insulated Bottle,0,0,8
9184675,UpCycled Bike Saddle Bag,0,0,8
9182741," Men's Airflow 1/4 Zip Pullover Lapis",0,0,8
9180844,Gunmetal Roller Ball Pen,0,0,9
9184620," Men's Performance Full Zip Jacket Black",0,0,9
9182593," Men's Pullover Hoodie Grey",0,0,9
9182781," Women's Short Sleeve Hero Tee Black",0,0,9
9182740," Men's Airflow 1/4 Zip Pullover Black",0,0,9
9184708," Women's Typography Short Sleeve Tee",0,0,9
9182745," Men's Quilted Insulated Vest Black",0,0,9
9183212,Android RFID Journal,0,0,9
9183219," Leather Journal",0,0,9
9182569," Men's  Zip Hoodie",0,0,10
9182502," Women's Yoga Jacket Black",0,0,10
9182999," Bongo Cupholder Bluetooth Speaker",0,0,10
9183228," Cam Indoor Security Camera - USA",0,0,10
9182753," Men's Weatherblock Shell Jacket Black",0,0,10
9182765," Women's Convertible Vest-Jacket Sea Foam Green",0,0,10
9181148,Gift Card- $100.00,0,0,10
GGOEGAAX0729," Women's Performance Hero Tee Gunmetal",0,0,10
9182723," Men's 100% Cotton Short Sleeve Hero Tee White",0,0,11
9182859," Toddler Raglan Shirt Blue Heather/Navy",0,0,11
9183225," Luggage Tag",0,0,11
9184697," Mood Original Window Decal",0,0,11
9180813," Tube Power Bank",0,0,11
9183086," Youth Girl Tee Green",0,0,11
GGOEGAAX0314," Men's 3/4 Sleeve Henley",0,0,11
9182764," Women's Convertible Vest-Jacket Black",0,0,11
9183186," G Noise-reducing Bluetooth Headphones",0,0,11
9182909," Collapsible Pet Bowl",0,0,11
9181149,Gift Card - $25.00,0,0,11
9180771,Yoga Mat Purple,0,0,11
9182173," Stylus Pen w/ LED Light",0,0,11
9182575,Android Men's  Zip Hoodie,0,0,11
9184733," Learning Thermostat 3rd Gen-USA - White",0,0,11
9180764," Canvas Tote Natural/Navy",0,0,12
9181573," Snapback Hat Black",0,0,12
9181150,Gift Card - $250.00,0,0,12
9182559,Android Men's Vintage Henley,0,0,12
9182587,Android Women's Fleece Hoodie,0,0,12
9183000," Pocket Bluetooth Speaker",0,0,12
GGOEGAAX0346," Men's Vintage Tee",0,0,12
9182820," Baby Essentials Set",0,0,12
9180748,Android Lunch Kit,0,0,12
9181664,Waterproof Gear Bag,0,0,12
9182784," Women's Short Sleeve Hero Tee White",0,0,12
9180779,1 oz Hand Sanitizer,0,0,12
9182719," Men's Short Sleeve Hero Tee Charcoal",0,0,12
9183096," Youth Sports Tee Navy",0,0,12
9184707," Women's Typography Short Sleeve Tee",0,0,12
9182720," Men's Short Sleeve Badge Tee Charcoal",0,0,13
9182778," Women's Softshell Jacket Black/Grey",0,0,13
9184683," Women's Short Sleeve Tee",0,0,13
9180757,Yoga Block,0,0,13
9182828," Toddler Short Sleeve T-shirt Royal Blue",0,0,13
9180905," Men's Long Sleeve Raglan Ocean Blue",0,0,13
9184705," Women's Typography Short Sleeve Tee",0,0,13
9180754,8 pc Android Sticker Sheet,0,0,13
9182605," Women's Tee Grey",0,0,13
9182755," Men's Colorblock Tee White/Heather",0,0,14
9182772," Women's Performance Full Zip Jacket Black",0,0,14
9182739," Men's Watershed Full Zip Hoodie Grey",0,0,14
9182812," Infant Zip Hood Pink",0,0,14
9182751," Men's Performance Full Zip Jacket Black",0,0,14
9182777," Women's Performance Golf Polo Blue",0,0,14
9183152," Youth Short Sleeve Tee Red",0,0,14
GGOEWXXX0827," Women's Short Sleeve Tee",0,0,14
9181137," Alpine Style Backpack",0,0,14
9182754," Men's Softshell Jacket Black/Grey",0,0,14
9184737," Pack of 9 Decal Set",0,0,14
9180809," Flashlight",0,0,14
9184698," Mood Ninja Window Decal",0,0,14
9183188," High Capacity 10,400mAh Charger",0,0,14
GGOEAXXX0833,Android Men's Paradise Short Sleeve Tee Olive,0,0,14
9182774," Women's Yoga Pants",0,0,15
9184695," Baby on Board Window Decal",0,0,15
GGOEYHPA003610," Wool Heather Cap Heather/Black",0,0,15
GGOEGAAX0349,Android BTTF Moonshot Graphic Tee,0,0,15
9180862," Screen Cleaning Cloth",0,0,15
9182706,Android Stretch Fit Hat,0,0,15
9183221," Leather Journal-Black",0,0,15
GGOEYOBR078599," Luggage Tag",0,0,15
9182746," Men's Quilted Insulated Vest Battleship Grey",0,0,15
9182725," Men's Long & Lean Tee Grey",0,0,15
GGOEGHPA002910," Trucker Hat",0,0,15
9182599," Women's Long Sleeve Tee Lavender",0,0,15
9182717," Men's Short Sleeve Hero Tee Light Blue",0,0,15
9182761," Women's Yoga Jacket Black",0,0,16
9184720," Women's Short Sleeve Hero Tee Sky Blue",0,0,16
9182780," Women's Shell Jacket Blue/Black",0,0,16
9183220," Leather Journal-Brown",0,0,16
9182793," Men's Long & Lean Tee Charcoal",0,0,16
9182898,Android Youth Short Sleeve T-shirt Aqua,0,0,16
9180840,Satin Black Ballpoint Pen,0,0,16
GGOEGAAX0576," Women's Softshell Jacket Black/Grey",0,0,16
9180806,Clip-on Compact Charger,0,0,16
9180824,Foam Can and Bottle Cooler,0,0,16
GGOEGDHB072099," Insulated Stainless Steel Bottle",0,0,16
9183241,25L Classic Rucksack,0,0,16
9184689," Men's Short Sleeve Tee",0,0,17
9183214," Hard Cover Journal",0,0,17
9182581," Women's Fleece Hoodie",0,0,17
9182737," Women's 3/4 Sleeve Baseball Raglan Heather/Black",0,0,17
GGOEYHPA003510," Trucker Hat",0,0,17
9182658," Women's Short Sleeve Hero Tee Sky Blue",0,0,17
9182742," Men's Convertible Vest-Jacket Pewter",0,0,17
GGOEGHPJ080010," French Terry Cap",0,0,17
GGOEGAAX0598," Men's Convertible Vest-Jacket Pewter",0,0,17
9182701,Android Men's Long Sleeve Badge Crew Tee Heather,0,0,17
9183106," Women's Performance Hero Tee Gunmetal",0,0,17
GGOEGAAX0335," Men's Long Sleeve Pullover Badge Tee Heather",0,0,17
9182553," Men's Vintage Henley",0,0,17
GGOEYDHJ019399,24 oz  Sergeant Stripe Bottle,0,0,17
9182806," Onesie Green",0,0,17
9182997," 17oz Stainless Steel Sport Bottle",0,0,18
9183112," Men's Fleece Hoodie Black",0,0,18
9182995," Car Clip Phone Holder",0,0,18
9183194," Executive Umbrella",0,0,18
9182726," Men's Long & Lean Tee Charcoal",0,0,18
9183223," Spiral Leather Journal",0,0,18
9182773," Women's Short Sleeve Performance Tee Charcoal",0,0,18
GGOEWXXX0834," Women's Typography Short Sleeve Tee",0,0,18
9181139,Waterproof Backpack,0,0,18
9183213,Android Hard Cover Journal,0,0,18
9182714," Men's Long Sleeve Raglan Ocean Blue",0,0,18
9182848," Toddler Hoodie Royal Blue",0,0,18
9183229," Cam Outdoor Security Camera - USA",0,0,18
9181019," Tri-blend Hoodie Grey",0,0,19
9184721,BLM Sweatshirt,0,0,19
9184734," Learning Thermostat 3rd Gen-USA - Copper",0,0,19
9182752," Men's Short Sleeve Performance Badge Tee Charcoal",0,0,19
9180868,Crunch Noise Dog Toy,0,0,19
GGOEGAAX0577," Women's Performance Golf Polo Blue",0,0,19
9183210," RFID Journal",0,0,19
9183015," Onesie Heather",0,0,19
9182903,Android Youth Short Sleeve T-shirt Pewter,0,0,19
9183091," Youth Baseball Raglan Heather/Black",0,0,19
9182788,Yoga Mat,0,0,19
9183239,25L Classic Rucksack,0,0,19
GGOEGALJ073313," Women's Short Sleeve Hero Tee Heather",1,1,5
GGOEGALJ073317," Women's Short Sleeve Hero Tee Heather",1,1,5
GGOEWAAJ083513," Men's Typography Short Sleeve Tee",1,1,6
GGOEGAEB084514,BLM Sweatshirt,1,1,6
GGOEGAAX0734," Men's Short Sleeve Hero Tee Heather",1,1,7
GGOEGAEJ035317," Vintage Henley Grey/Black",1,1,7
GGOEGAAX0733," Women's Short Sleeve Hero Tee Heather",1,1,7
GGOEGAAX0572," Men's Colorblock Tee White/Heather",1,1,8
GGOEGAYR068225," Youth Short Sleeve Tee Red",1,1,9
GGOEGAAX0601," Women's Short Sleeve Performance Tee Pewter",1,1,9
GGOEGALJ060113," Women's Short Sleeve Performance Tee Pewter",1,1,10
GGOEGALP036316," Women's Long Sleeve Tee Lavender",1,1,10
GGOEGALJ072913," Women's Performance Hero Tee Gunmetal",1,1,10
GGOEYAEJ029614," Women's Short Sleeve Tri-blend Badge Tee Grey",1,1,11
GGOEGADJ059815," Men's Convertible Vest-Jacket Pewter",1,1,11
GGOEAAEB028314,Android Women's Short Sleeve Hero Tee Black,1,1,11
GGOEGATC060316," Women's 1/4 Zip Performance Pullover Two-Tone Blue",1,1,11
GGOEWXXX0835," Men's Typography Short Sleeve Tee",1,1,11
GGOEGATH060717," Women's Convertible Vest-Jacket Sea Foam Green",1,1,12
GGOEGATB060417," Women's Quilted Insulated Vest Black",1,1,12
GGOEGAAX0567," Men's Softshell Jacket Black/Grey",1,1,12
GGOEGAWR061849," Infant Short Sleeve Tee Red",1,1,13
GGOEGAAX0575," Women's Weatherblock Shell Jacket Black",1,1,13
GGOEYAQB073217," Women's Fleece Hoodie Black",1,1,14
GGOEWXXX0828," Men's Short Sleeve Tee",1,1,14
GGOEGAEA030614," Women's Recycled Fabric Tee",1,1,15
GGOEGADC059516," Men's Microfiber 1/4 Zip Pullover Blue/Indigo",1,1,15
GGOEYAEJ029615," Women's Short Sleeve Tri-blend Badge Tee Grey",1,1,16
GGOEAXXX0811,Android Men's Pep Rally Short Sleeve Tee Navy,1,1,16
GGOEGADC059313," Men's Airflow 1/4 Zip Pullover Lapis",1,1,17
GGOEGAER035517," Men's Vintage Tank",1,1,17
GGOEGAAX0730," Men's Performance Hero Tee Gunmetal",1,1,17
GGOEGAEB084517,BLM Sweatshirt,1,1,17
GGOEGATB060416," Women's Quilted Insulated Vest Black",1,1,18
GGOEYAEB035617," Men's Vintage Tank",1,1,18
GGOEGAQB036017," Women's Fleece Hoodie",1,1,19
GGOEYAAJ032517," Men's Short Sleeve Hero Tee Charcoal",1,1,19
GGOEGAWC061949," Infant Short Sleeve Tee Royal Blue",2,2,5
GGOEGAWR061148," Onesie Red",2,2,5
GGOEGAAB058918," Men's Short Sleeve Performance Badge Tee Black",2,2,6
GGOEGAEC029117," Women's Short Sleeve Hero Tee Sky Blue",2,2,7
GGOEGADB056618,Men's Weatherblock Shell Jacket Black,2,2,7
GGOEAAAB081016,Android Men's Outerstellar Short Sleeve Tee Black,2,2,8
GGOEAAEB028316,Android Women's Short Sleeve Hero Tee Black,2,2,9
GGOEGAFJ036217," Men's Pullover Hoodie Grey",2,2,9
GGOEGADJ057117," Men's Performance 1/4 Zip Pullover Heather/Black",2,2,10
GGOEGAXR065155," Toddler Short Sleeve Tee Red",2,2,10
GGOEGATB060414," Women's Quilted Insulated Vest Black",2,2,11
GGOEWAAJ082817," Men's Short Sleeve Tee",2,2,11
GGOEWAAJ082813," Men's Short Sleeve Tee",2,2,11
GGOEGAXC065255," Toddler Short Sleeve T-shirt Royal Blue",2,2,12
GGOEGAAC032117," Men's Short Sleeve Hero Tee Light Blue",2,2,12
GGOEGAAQ057216," Men's Colorblock Tee White/Heather",2,2,13
GGOEGAYB068056," Youth Baseball Raglan Heather/Black",2,2,13
GGOEGATJ060515," Women's Quilted Insulated Vest White",2,2,13
GGOEAAWJ062548,Android Infant Short Sleeve Tee Pewter,2,2,14
GGOEGAEJ028915," Women's Short Sleeve Hero Dark Grey",2,2,15
GGOEAAWJ062550,Android Infant Short Sleeve Tee Pewter,2,2,15
GGOEAAEH035216,Android Men's Vintage Henley,2,2,16
GGOEGAPB057517,Women's Weatherblock Shell Jacket Black,2,2,16
GGOEGAEJ028916," Women's Short Sleeve Hero Dark Grey",2,2,17
GGOEAAWT061754,Android Onesie Gold,2,2,18
GGOEGADB059213," Men's Airflow 1/4 Zip Pullover Black",2,2,18
GGOEAAWT061750,Android Onesie Gold,2,2,19
GGOEGADC059317," Men's Airflow 1/4 Zip Pullover Lapis",2,3,5
GGOEAXXX0810,Android Men's Outerstellar Short Sleeve Tee Black,2,3,6
GGOEGAAX0584," Women's Yoga Pants",2,3,6
GGOEGADB056717,Men's Softshell Jacket Black/Grey,2,3,9
GGOEGAYQ069026," Youth Short Sleeve Tee White",2,3,9
GGOEGAAX0321," Men's Short Sleeve Hero Tee Light Blue",2,3,10
GGOEGAAX0688,Android Youth Short Sleeve T-shirt Pewter,2,3,10
GGOEAAAH083313,Android Men's Paradise Short Sleeve Tee Olive,2,3,11
GGOEGADC059517," Men's Microfiber 1/4 Zip Pullover Blue/Indigo",2,3,12
GGOEYAAQ031717," Men's Short Sleeve Hero Tee  White",2,3,13
GGOEGALJ073315," Women's Short Sleeve Hero Tee Heather",2,3,13
GGOEYAEJ029617," Women's Short Sleeve Tri-blend Badge Tee Grey",2,3,13
GGOEGAUC057717," Women's Performance Golf Polo Blue",2,3,14
GGOEGAAC035016," Men's Bayside Graphic Tee",2,3,14
GGOEGADC059515," Men's Microfiber 1/4 Zip Pullover Blue/Indigo",2,3,15
GGOEGAPB058216," Women's Lightweight Microfleece Jacket",2,3,15
GGOEGAXJ065730," Toddler 1/4 Zip Fleece Pewter",2,3,16
GGOEGAAB058913," Men's Short Sleeve Performance Badge Tee Black",2,3,17
GGOEGAEJ029915," Women's V-Neck Tee Charcoal",3,3,5
GGOEGAPB058217," Women's Lightweight Microfleece Jacket",3,3,7
GGOEYAEJ029517," Women's Short Sleeve Tri-blend Badge Tee Charcoal",3,3,11
GGOEGADJ059717," Men's Quilted Insulated Vest Battleship Grey",3,3,12
GGOEGAEJ031317," Tri-blend Hoodie Grey",3,3,15
GGOEGAPB058212," Women's Lightweight Microfleece Jacket",3,3,15
GGOEGAAX0324,Android Men's Short Sleeve Tri-blend Hero Tee Grey,3,3,16
GGOEGAAH034013," Men's Vintage Badge Tee Sage",3,3,16
GGOEGAAX0582," Women's Lightweight Microfleece Jacket",3,3,19
GGOEAAXJ066229,Android Toddler Short Sleeve T-shirt Pewter,3,4,8
GGOEYAEJ029017," Women's Short Sleeve Hero Tee Charcoal",3,4,8
GGOEYAEJ029616," Women's Short Sleeve Tri-blend Badge Tee Grey",3,4,8
GGOEGALP034316," Women's Vintage Hero Tee Lavender",3,4,8
GGOEGADC059314," Men's Airflow 1/4 Zip Pullover Lapis",3,4,9
GGOEGARJ058413," Women's Yoga Pants",3,4,10
GGOEGAPJ058016," Women's 1/4 Zip Jacket Charcoal",3,4,10
GGOEWALJ082713," Women's Short Sleeve Tee",3,4,12
GGOEGAUC057713," Women's Performance Golf Polo Blue",3,4,13
GGOEGAWR061850," Infant Short Sleeve Tee Red",3,4,13
GGOEAAAJ080817,Android Men's Engineer Short Sleeve Tee Charcoal,3,4,14
GGOEGAAX0348,Android BTTF Cosmos Graphic Tee,3,4,15
GGOEAAAC080916,Android Lifted Men's Short Sleeve Tee Blue,3,4,16
GGOEYAXR066130," Toddler Short Sleeve Tee Red",3,4,17
GGOEYAYR068626," Youth Short Sleeve Tee Red",3,4,17
GGOEGXXX0845,BLM Sweatshirt,3,4,18
GGOEAAEJ028216,Android Women's Short Sleeve Badge Tee Dark Heather,3,4,19
GGOEGAEJ029916," Women's V-Neck Tee Charcoal",4,4,7
GGOEGADB056613,Men's Weatherblock Shell Jacket Black,4,4,9
GGOEAAYC068726,Android Youth Short Sleeve T-shirt Aqua,4,4,10
GGOEGAPC058814," Women's Shell Jacket Blue/Black",4,4,16
GGOEGAPB057516,Women's Weatherblock Shell Jacket Black,4,4,18
GGOEYAEJ029015," Women's Short Sleeve Hero Tee Charcoal",4,4,19
GGOEGAEJ028913," Women's Short Sleeve Hero Dark Grey",3,5,5
GGOEAAYJ068856,Android Youth Short Sleeve T-shirt Pewter,3,5,5
GGOEGATJ060516," Women's Quilted Insulated Vest White",3,5,5
GGOEAAEJ028215,Android Women's Short Sleeve Badge Tee Dark Heather,3,5,6
GGOEGAAX0327," Men's Long & Lean Tee Grey",3,5,6
GGOEAAYJ068826,Android Youth Short Sleeve T-shirt Pewter,3,5,7
GGOEGAAX0588," Women's Shell Jacket Blue/Black",3,5,7
GGOEGAYH067925," Youth Girl Tee Green",3,5,11
GGOEGAAC032116," Men's Short Sleeve Hero Tee Light Blue",3,5,13
GGOEAAAB034816,Android BTTF Cosmos Graphic Tee,3,5,13
GGOEGAAX0611," Onesie Red",3,5,13
GGOEAAEB028313,Android Women's Short Sleeve Hero Tee Black,3,5,14
GGOEGAYQ068956," Youth Girl Hoodie",3,5,15
GGOEGATB060616," Women's Convertible Vest-Jacket Black",3,5,15
GGOEGAPB058617," Women's Yoga Jacket Black",3,5,16
GGOEAAAB034813,Android BTTF Cosmos Graphic Tee,3,5,17
GGOEGALJ072916," Women's Performance Hero Tee Gunmetal",3,5,19
GGOEGAYQ069024," Youth Short Sleeve Tee White",4,5,6
GGOEGAAJ057018," Men's Short Sleeve Performance Badge Tee Charcoal",4,5,9
GGOEGAEJ028917," Women's Short Sleeve Hero Dark Grey",4,5,13
GGOEGADJ059718," Men's Quilted Insulated Vest Battleship Grey",4,5,14
GGOEGATH060715," Women's Convertible Vest-Jacket Sea Foam Green",4,5,14
GGOEGAAX0683," Youth Short Sleeve T-shirt Royal Blue",4,5,17
GGOEGAAX0566," Men's Weatherblock Shell Jacket Black",4,5,17
GGOEYAEJ029014," Women's Short Sleeve Hero Tee Charcoal",4,5,17
GGOEGAAX0732," Women's Fleece Hoodie Black",4,5,17
GGOEGAYQ068924," Youth Girl Hoodie",4,5,19
GGOEWAAJ082815," Men's Short Sleeve Tee",5,5,7
GGOEGAXR066055," Toddler Sports T-shirt Red",5,5,8
GGOEGAPB058215," Women's Lightweight Microfleece Jacket",5,5,9
GGOEGHPL003214," Stretch Fit Hat M/L Navy",4,6,6
GGOEGAWR061050," Onesie Red/Graphite",4,6,7
GGOEGADC059316," Men's Airflow 1/4 Zip Pullover Lapis",4,6,8
GGOEGALJ034417," Women's Vintage Hero Tee Platinum",4,6,8
GGOEGAAQ057215," Men's Colorblock Tee White/Heather",4,6,10
GGOEGADJ057116," Men's Performance 1/4 Zip Pullover Heather/Black",4,6,11
GGOEYAEB028415,Women's  Short Sleeve Hero Tee Black,4,6,16
GGOEGAPB058615," Women's Yoga Jacket Black",5,6,6
GGOEGALJ060116," Women's Short Sleeve Performance Tee Pewter",5,6,8
GGOEAAAB034815,Android BTTF Cosmos Graphic Tee,5,6,10
GGOEGAUC057714," Women's Performance Golf Polo Blue",5,6,10
GGOEGAAX0662,Android Toddler Short Sleeve T-shirt Pewter,5,6,14
GGOEGAER035516," Men's Vintage Tank",5,6,14
GGOEGAEJ029914," Women's V-Neck Tee Charcoal",5,6,15
GGOEGAXR066028," Toddler Sports T-shirt Red",5,6,16
GGOEAAEJ028213,Android Women's Short Sleeve Badge Tee Dark Heather,6,6,5
GGOEAAAB034814,Android BTTF Cosmos Graphic Tee,6,6,14
GGOEGALJ072915," Women's Performance Hero Tee Gunmetal",6,6,16
GGOEWAAJ082814," Men's Short Sleeve Tee",6,6,16
GGOEGAWQ062248," Infant Short Sleeve Tee White",4,7,8
GGOEAAFB035917,Android Men's  Zip Hoodie,4,7,11
GGOEGAYH068425," Youth Short Sleeve T-shirt Green",4,7,11
GGOEGAAC035017," Men's Bayside Graphic Tee",4,7,13
GGOEGAER035513," Men's Vintage Tank",4,7,14
GGOEGADB059217," Men's Airflow 1/4 Zip Pullover Black",4,7,14
GGOEGAYQ068925," Youth Girl Hoodie",4,7,14
GGOEGAAX0689," Youth Girl Hoodie",4,7,15
GGOEGAPB057817,Women's Performance Full Zip Jacket Black,4,7,16
GGOEYAXR066129," Toddler Short Sleeve Tee Red",4,7,17
GGOEGAAX0580," Women's 1/4 Zip Jacket Charcoal",4,7,18
GGOEGAWC061950," Infant Short Sleeve Tee Royal Blue",4,7,18
GGOEGATB060216," Women's 1/4 Zip Performance Pullover Black",4,7,19
GGOEGAAL010617," Men's 100% Cotton Short Sleeve Hero Tee Navy",5,7,5
GGOEGAYR068226," Youth Short Sleeve Tee Red",5,7,6
GGOEGAEJ028914," Women's Short Sleeve Hero Dark Grey",5,7,9
GGOEYAEB035616," Men's Vintage Tank",5,7,10
GGOEGAER029717," Women's Short Sleeve Hero Tee Red Heather",5,7,16
GGOEGADB059216," Men's Airflow 1/4 Zip Pullover Black",5,7,16
GGOEAAAL081113,Android Men's Pep Rally Short Sleeve Tee Navy,6,7,5
GGOEGAAB058915," Men's Short Sleeve Performance Badge Tee Black",6,7,11
GGOEYAXR066155," Toddler Short Sleeve Tee Red",6,7,14
GGOEGAYB068025," Youth Baseball Raglan Heather/Black",6,7,14
GGOEAAAP081217,Android Men's Take Charge Short Sleeve Tee Purple,6,7,15
GGOEGATB060413," Women's Quilted Insulated Vest Black",6,7,16
GGOEGADJ056818," Men's Watershed Full Zip Hoodie Grey",6,7,17
GGOEAAEJ028214,Android Women's Short Sleeve Badge Tee Dark Heather,6,7,18
GGOEGAPC058812," Women's Shell Jacket Blue/Black",7,7,6
GGOEGAAB058917," Men's Short Sleeve Performance Badge Tee Black",5,8,5
GGOEGADJ059814," Men's Convertible Vest-Jacket Pewter",5,8,5
GGOEAAWJ062549,Android Infant Short Sleeve Tee Pewter,5,8,6
GGOEGADB057318," Men's Lightweight Microfleece Jacket Black",5,8,14
GGOEGATC060315," Women's 1/4 Zip Performance Pullover Two-Tone Blue",5,8,16
GGOEGATB060214," Women's 1/4 Zip Performance Pullover Black",5,8,19
GGOEAHPB076114,Android Stretch Fit Hat,6,8,5
GGOEGAEJ029913," Women's V-Neck Tee Charcoal",6,8,12
GGOEGAPB058614," Women's Yoga Jacket Black",6,8,12
GGOEAAEJ030915,Android Women's Long Sleeve Blended Cardigan Grey,6,8,18
GGOEAAWT061749,Android Onesie Gold,7,8,6
GGOEGAAX0281," Women's Short Sleeve Badge Tee Grey",7,8,8
GGOEGAEC029114," Women's Short Sleeve Hero Tee Sky Blue",7,8,11
GGOEGALJ060115," Women's Short Sleeve Performance Tee Pewter",7,8,12
GGOEGAPB057514,Women's Weatherblock Shell Jacket Black,7,8,12
GGOEGAAX0746," Women's Short Sleeve Badge Tee Navy",7,8,17
GGOEYAEJ029613," Women's Short Sleeve Tri-blend Badge Tee Grey",7,8,19
GGOEGADJ057115," Men's Performance 1/4 Zip Pullover Heather/Black",7,8,19
GGOEGAAX0592," Men's Airflow 1/4 Zip Pullover Black",8,8,9
GGOEAAEJ035716,Android Men's Vintage Tank,5,9,6
GGOEGADB057316," Men's Lightweight Microfleece Jacket Black",5,9,6
GGOEGAAX0595," Men's Microfiber 1/4 Zip Pullover Blue/Indigo",5,9,7
GGOEGALJ073314," Women's Short Sleeve Hero Tee Heather",5,9,12
GGOEGAAC035014," Men's Bayside Graphic Tee",5,9,14
GGOEGAXL065929," Toddler Raglan Shirt Blue Heather/Navy",5,9,14
GGOEGAAJ032617," Men's Short Sleeve Badge Tee Charcoal",5,9,16
GGOEGAWC061948," Infant Short Sleeve Tee Royal Blue",5,9,16
GGOEAAEJ033417,Android Men's Long Sleeve Badge Crew Tee Heather,5,9,19
GGOEGALP034317," Women's Vintage Hero Tee Lavender",5,9,19
GGOEAAAC080917,Android Lifted Men's Short Sleeve Tee Blue,6,9,7
GGOEGADC059513," Men's Microfiber 1/4 Zip Pullover Blue/Indigo",6,9,9
GGOEGAEB084515,BLM Sweatshirt,6,9,11
GGOEGAXL065955," Toddler Raglan Shirt Blue Heather/Navy",6,9,12
GGOEAAWN062650,Android Infant Short Sleeve Tee Pink,6,9,14
GGOEGADJ059714," Men's Quilted Insulated Vest Battleship Grey",6,9,15
GGOEGAEC033117," Men's Long Sleeve Raglan Ocean Blue",6,9,18
GGOEGAWH061350," Onesie Green",7,9,5
GGOEGALP036317," Women's Long Sleeve Tee Lavender",7,9,8
GGOEGAXR066030," Toddler Sports T-shirt Red",7,9,13
GGOEGAAJ057017," Men's Short Sleeve Performance Badge Tee Charcoal",7,9,13
GGOEGAPB057812,Women's Performance Full Zip Jacket Black,8,9,6
GGOEGAXQ067155," Toddler Short Sleeve Tee White",8,9,15
GGOEGAEJ030817," Women's Long Sleeve Blended Cardigan Charcoal",8,9,17
GGOEGGCX056499,Gift Card - $50.00,9,9,14
GGOEGAYH067924," Youth Girl Tee Green",9,9,19
GGOEGAAJ073016," Men's Performance Hero Tee Gunmetal",6,10,8
GGOEGAAX0604," Women's Quilted Insulated Vest Black",6,10,11
GGOEGAAQ057213," Men's Colorblock Tee White/Heather",6,10,19
GGOEGALQ036617," Women's Scoop Neck Tee White",7,10,7
GGOEGADB056917," Men's Performance Full Zip Jacket Black",7,10,11
GGOEAAAB034817,Android BTTF Cosmos Graphic Tee,7,10,12
GGOEGAYR068256," Youth Short Sleeve Tee Red",8,10,11
GGOEAAEJ030916,Android Women's Long Sleeve Blended Cardigan Grey,8,10,12
GGOEAHPB076113,Android Stretch Fit Hat,8,10,14
GGOEGAAX0331," Men's Long Sleeve Raglan Ocean Blue",8,10,17
GGOEAAEH035217,Android Men's Vintage Henley,8,10,19
GGOEGAWR061049," Onesie Red/Graphite",10,10,16
GGOEGAAX0660," Toddler Sports T-shirt Red",10,10,19
GGOEGAQB036016," Women's Fleece Hoodie",6,11,6
GGOEGALJ057913," Women's Short Sleeve Performance Tee Charcoal",6,11,10
GGOEGAPB057816,Women's Performance Full Zip Jacket Black,6,11,10
GGOEGALJ057915," Women's Short Sleeve Performance Tee Charcoal",6,11,16
GGOEGALJ036416," Women's Tee Grey",7,11,5
GGOEGAAX0283,Android Women's Short Sleeve Hero Tee Black,7,11,7
GGOEAAAC080913,Android Lifted Men's Short Sleeve Tee Blue,7,11,16
GGOEAHPB080210,Android 5-Panel Low Cap,7,11,16
GGOEAAAH083316,Android Men's Paradise Short Sleeve Tee Olive,8,11,5
GGOEGAAX0328," Men's Long & Lean Tee Charcoal",8,11,14
GGOEGAAQ010416," Men's 100% Cotton Short Sleeve Hero Tee White",9,11,5
GGOEGADB057313," Men's Lightweight Microfleece Jacket Black",9,11,7
GGOEAAAH083317,Android Men's Paradise Short Sleeve Tee Olive,9,11,8
GGOEGATH060716," Women's Convertible Vest-Jacket Sea Foam Green",9,11,8
GGOEGAYQ069025," Youth Short Sleeve Tee White",10,11,7
GGOEGAEJ031316," Tri-blend Hoodie Grey",10,11,10
GGOEGAAB058916," Men's Short Sleeve Performance Badge Tee Black",10,11,12
GGOEGAXQ067129," Toddler Short Sleeve Tee White",7,12,5
GGOEGAAX0326," Men's Short Sleeve Badge Tee Charcoal",8,12,11
GGOEAAFB035913,Android Men's  Zip Hoodie,8,12,11
GGOEGAXQ067128," Toddler Short Sleeve Tee White",8,12,12
GGOEAAAJ032417,Android Men's Short Sleeve Tri-blend Hero Tee Grey,8,12,16
GGOEGALJ036413," Women's Tee Grey",9,12,16
GGOEGAPJ058012," Women's 1/4 Zip Jacket Charcoal",9,12,19
GGOEAAAB034914,Android BTTF Moonshot Graphic Tee,10,12,5
GGOEGXXX0806," Men's Bike Short Sleeve Tee Charcoal",10,12,7
GGOEGAXL065928," Toddler Raglan Shirt Blue Heather/Navy",10,12,10
GGOEAAAB081013,Android Men's Outerstellar Short Sleeve Tee Black,10,12,12
GGOEGAXC065230," Toddler Short Sleeve T-shirt Royal Blue",10,12,14
GGOEAAAJ032413,Android Men's Short Sleeve Tri-blend Hero Tee Grey,11,12,6
GGOEGAXR065129," Toddler Short Sleeve Tee Red",11,12,7
GGOEGAAX0684," Youth Short Sleeve T-shirt Green",11,12,11
GGOEGADB056615,Men's Weatherblock Shell Jacket Black,12,12,10
GGOEGAXR065130," Toddler Short Sleeve Tee Red",12,12,17
GGOEGALJ036417," Women's Tee Grey",7,13,8
GGOEGALJ034416," Women's Vintage Hero Tee Platinum",7,13,9
GGOEGAER029716," Women's Short Sleeve Hero Tee Red Heather",7,13,17
GGOEGAXR066029," Toddler Sports T-shirt Red",8,13,7
GGOEGAYR068224," Youth Short Sleeve Tee Red",9,13,5
GGOEGESB015199," Flashlight",9,13,6
GGOEAAAJ080816,Android Men's Engineer Short Sleeve Tee Charcoal,9,13,9
GGOEYAQB073216," Women's Fleece Hoodie Black",9,13,11
GGOEGAAJ073415," Men's Short Sleeve Hero Tee Heather",10,13,7
GGOEYAAJ033013," Men's Long & Lean Tee Charcoal",10,13,12
GGOEGBRP037599,Yoga Mat Purple,10,13,17
GGOEGAEJ028115," Women's Short Sleeve Badge Tee Grey",11,13,8
GGOEAAAB081015,Android Men's Outerstellar Short Sleeve Tee Black,11,13,10
GGOEGAPB058214," Women's Lightweight Microfleece Jacket",11,13,14
GGOEAAAB034916,Android BTTF Moonshot Graphic Tee,11,13,15
GGOEAAFB035915,Android Men's  Zip Hoodie,8,14,10
GGOEGAEJ030816," Women's Long Sleeve Blended Cardigan Charcoal",9,14,5
GGOEGAYQ069056," Youth Short Sleeve Tee White",10,14,6
GGOEGAYC068326," Youth Short Sleeve T-shirt Royal Blue",11,14,9
GGOEGALJ057914," Women's Short Sleeve Performance Tee Charcoal",11,14,17
GGOEAXXX0809,Android Lifted Men's Short Sleeve Tee Blue,11,14,17
GGOEGAWR061053," Onesie Red/Graphite",12,14,6
GGOEGAFJ036213," Men's Pullover Hoodie Grey",12,14,8
GGOEGAER029715," Women's Short Sleeve Hero Tee Red Heather",13,14,13
GGOEGAAX0618," Infant Short Sleeve Tee Red",8,15,18
GGOEGAAX0589," Men's Short Sleeve Performance Badge Tee Black",9,15,7
GGOEGAFB035817," Men's  Zip Hoodie",9,15,14
GGOEGATB060617," Women's Convertible Vest-Jacket Black",9,15,15
GGOEYAYR068656," Youth Short Sleeve Tee Red",10,15,17
GGOEGAAX0603," Women's 1/4 Zip Performance Pullover Two-Tone Blue",10,15,19
GGOEGPXR023199," Collapsible Pet Bowl",12,15,9
GGOEAAEJ035713,Android Men's Vintage Tank,13,15,10
GGOEGAAJ059116," Men's Short Sleeve Performance Badge Tee Pewter",13,15,11
GGOEGAAX0679," Youth Girl Tee Green",14,15,6
GGOEGALL074616," Women's Short Sleeve Badge Tee Navy",14,15,12
GGOEGADC059514," Men's Microfiber 1/4 Zip Pullover Blue/Indigo",9,16,14
GGOEGAAX0605," Women's Quilted Insulated Vest White",10,16,9
GGOEAAAB034915,Android BTTF Moonshot Graphic Tee,10,16,18
GGOEGAAX0297," Women's Short Sleeve Hero Tee Red Heather",11,16,6
GGOEGAAX0306," Women's Recycled Fabric Tee",11,16,10
GGOEGAEC029115," Women's Short Sleeve Hero Tee Sky Blue",11,16,18
GGOEGAAX0664,Android Toddler Short Sleeve T-shirt Aqua,12,16,6
GGOEGAAQ033918," Men's Vintage Badge Tee White",12,16,11
GGOEGADB056616,Men's Weatherblock Shell Jacket Black,13,16,13
GGOEGALP036314," Women's Long Sleeve Tee Lavender",13,16,14
GGOEAAAP081216,Android Men's Take Charge Short Sleeve Tee Purple,14,16,13
GGOEGAPB058213," Women's Lightweight Microfleece Jacket",15,16,11
GGOEGAAC032113," Men's Short Sleeve Hero Tee Light Blue",9,17,6
GGOEGAAX0578," Women's Performance Full Zip Jacket Black",10,17,13
GGOEGALQ034216," Women's Vintage Hero Tee White",12,17,9
GGOEGAAX0661," Toddler Short Sleeve Tee Red",12,17,13
GGOEGAAX0359,Android Men's  Zip Hoodie,12,17,16
GGOEGAFJ036216," Men's Pullover Hoodie Grey",12,17,18
GGOEGADB059616," Men's Quilted Insulated Vest Black",13,17,14
GGOEAAXJ066255,Android Toddler Short Sleeve T-shirt Pewter,16,17,5
GGOEGADJ057113," Men's Performance 1/4 Zip Pullover Heather/Black",10,18,11
GGOEGAAX0579," Women's Short Sleeve Performance Tee Charcoal",10,18,11
GGOEYAAJ032516," Men's Short Sleeve Hero Tee Charcoal",11,18,12
GGOEGAYH067956," Youth Girl Tee Green",11,18,16
GGOEGAWR061848," Infant Short Sleeve Tee Red",11,18,19
GGOEAAAH083315,Android Men's Paradise Short Sleeve Tee Olive,12,18,12
GGOEGAXQ067130," Toddler Short Sleeve Tee White",12,18,13
GGOEAAQB036116,Android Women's Fleece Hoodie,12,18,14
GGOEGADB059613," Men's Quilted Insulated Vest Black",12,18,14
GGOEAAWN062649,Android Infant Short Sleeve Tee Pink,13,18,8
GGOEGALP036315," Women's Long Sleeve Tee Lavender",15,18,13
GGOEGAPJ058014," Women's 1/4 Zip Jacket Charcoal",17,18,10
GGOEGATJ060513," Women's Quilted Insulated Vest White",17,18,16
GGOEAAEH035213,Android Men's Vintage Henley,10,19,6
GGOEGATH060714," Women's Convertible Vest-Jacket Sea Foam Green",10,19,6
GGOEAXXX0812,Android Men's Take Charge Short Sleeve Tee Purple,12,19,15
GGOEGAAX0663,Android Toddler Short Sleeve T-shirt Pink,12,19,19
GGOEGALQ034217," Women's Vintage Hero Tee White",13,19,6
GGOEGAEQ027916," Women's Short Sleeve Hero Tee White",14,19,6
GGOEAAAL081116,Android Men's Pep Rally Short Sleeve Tee Navy,14,19,14
GGOEGADJ057114," Men's Performance 1/4 Zip Pullover Heather/Black",16,19,12
GGOEGAAX0282,Android Women's Short Sleeve Badge Tee Dark Heather,17,19,15
GGOEGAAL059013," Men's Short Sleeve Performance Badge Tee Navy",18,19,5
GGOEGAAX0319,Android Men's Short Sleeve Hero Tee Heather,18,19,17
GGOEGAAX0323," Men's Short Sleeve Hero Tee Charcoal",11,20,19
GGOEYAAJ033017," Men's Long & Lean Tee Charcoal",12,20,5
GGOEAAAB034917,Android BTTF Moonshot Graphic Tee,13,20,19
GGOEYAFB073117," Men's Fleece Hoodie Black",13,20,19
GGOEGAXC065228," Toddler Short Sleeve T-shirt Royal Blue",14,20,15
GGOEGAWR061153," Onesie Red",14,20,19
GGOEWAEA083899," Dress Socks",15,20,6
GGOEGAXL065930," Toddler Raglan Shirt Blue Heather/Navy",18,20,14
GGOEYAAB031816," Men's Short Sleeve Hero Tee Black",18,20,19
GGOEGAAX0573," Men's Lightweight Microfleece Jacket Black",18,20,19
GGOEYAEJ029013," Women's Short Sleeve Hero Tee Charcoal",11,21,17
GGOEGAYB068024," Youth Baseball Raglan Heather/Black",11,21,18
GGOEGAEJ028116," Women's Short Sleeve Badge Tee Grey",11,21,18
GGOEGAAX0602," Women's 1/4 Zip Performance Pullover Black",12,21,12
GGOEGAYB068026," Youth Baseball Raglan Heather/Black",12,21,16
GGOEGAAC035015," Men's Bayside Graphic Tee",12,21,18
GGOEGAAX0626,Android Infant Short Sleeve Tee Pink,13,21,7
GGOEYAWJ061454," Onesie Heather",13,21,10
GGOEGAAJ032713," Men's Long & Lean Tee Grey",13,21,16
GGOEYAAB031817," Men's Short Sleeve Hero Tee Black",13,21,18
GGOEGAAX0590," Men's Short Sleeve Performance Badge Tee Navy",15,21,9
GGOEGAAX0361,Android Women's Fleece Hoodie,16,21,13
GGOEAAAP081213,Android Men's Take Charge Short Sleeve Tee Purple,16,21,14
GGOEGAPB058612," Women's Yoga Jacket Black",17,21,17
GGOEGAEJ035314," Vintage Henley Grey/Black",19,21,9
GGOEGAEJ028114," Women's Short Sleeve Badge Tee Grey",19,21,12
GGOEGAWH061349," Onesie Green",19,21,13
GGOEAAAJ080814,Android Men's Engineer Short Sleeve Tee Charcoal,12,22,6
GGOEGAAX0659," Toddler Raglan Shirt Blue Heather/Navy",12,22,10
GGOEYAAJ033016," Men's Long & Lean Tee Charcoal",12,22,17
GGOEGAAJ032717," Men's Long & Lean Tee Grey",14,22,18
GGOEGAXC065229," Toddler Short Sleeve T-shirt Royal Blue",16,22,7
GGOEYAEJ029516," Women's Short Sleeve Tri-blend Badge Tee Charcoal",20,22,6
GGOEGAYH067926," Youth Girl Tee Green",20,22,7
GGOEGAWR061150," Onesie Red",20,22,9
GGOEYAFB073116," Men's Fleece Hoodie Black",20,22,12
GGOEAAXN066328,Android Toddler Short Sleeve T-shirt Pink,20,22,19
GGOEGALB036517," Women's Scoop Neck Tee Black",13,23,7
GGOEGAEJ035316," Vintage Henley Grey/Black",13,23,11
GGOEAAEJ035715,Android Men's Vintage Tank,15,23,19
GGOEGAAX0593," Men's Airflow 1/4 Zip Pullover Lapis",16,23,8
GGOEGAAX0625,Android Infant Short Sleeve Tee Pewter,16,23,16
GGOEGALJ036414," Women's Tee Grey",16,23,19
GGOEGAAJ073416," Men's Short Sleeve Hero Tee Heather",18,23,14
GGOEGALB036516," Women's Scoop Neck Tee Black",20,23,5
GGOEYAAJ032513," Men's Short Sleeve Hero Tee Charcoal",20,23,18
GGOEGALJ036415," Women's Tee Grey",21,23,17
GGOEGAAX0284,Women's  Short Sleeve Hero Tee Black,22,23,11
GGOEGADJ056816," Men's Watershed Full Zip Hoodie Grey",13,25,5
GGOEGAEJ030815," Women's Long Sleeve Blended Cardigan Charcoal",13,25,13
GGOEGAEA030416," Womens 3/4 Sleeve Baseball Raglan Heather/Black",13,25,15
GGOEGAAJ059113," Men's Short Sleeve Performance Badge Tee Pewter",13,25,16
GGOEGALL074615," Women's Short Sleeve Badge Tee Navy",14,25,9
GGOENEBQ081699," Protect Smoke + CO White Battery Alarm - CA",14,25,9
GGOEGAER029713," Women's Short Sleeve Hero Tee Red Heather",14,25,17
GGOEAAXC066428,Android Toddler Short Sleeve T-shirt Aqua,15,25,15
GGOEGALJ072914," Women's Performance Hero Tee Gunmetal",15,25,15
GGOEGATB060615," Women's Convertible Vest-Jacket Black",16,25,8
GGOEGAAC035013," Men's Bayside Graphic Tee",16,25,15
GGOEGAAJ032317," Men's Short Sleeve Hero Tee Charcoal",18,25,8
GGOEGAAX0607," Women's Convertible Vest-Jacket Sea Foam Green",22,25,8
GGOEGALP034315," Women's Vintage Hero Tee Lavender",14,26,10
GGOEAAAL081114,Android Men's Pep Rally Short Sleeve Tee Navy,15,26,18
GGOEGAAC032115," Men's Short Sleeve Hero Tee Light Blue",16,26,10
GGOEGAAJ032716," Men's Long & Lean Tee Grey",16,26,17
GGOEWFKA083099," Mood Happy Window Decal",17,26,6
GGOEAAAJ080813,Android Men's Engineer Short Sleeve Tee Charcoal,17,26,11
GGOEGAAX0571," Men's Performance 1/4 Zip Pullover Heather/Black",17,26,17
GGOEAAXC066455,Android Toddler Short Sleeve T-shirt Aqua,18,26,13
GGOEYAYR068625," Youth Short Sleeve Tee Red",18,26,13
GGOEYAEA035116," Men's Vintage Henley",19,26,7
GGOEGAAX0304," Women's 3/4 Sleeve Baseball Raglan Heather/Black",19,26,9
GGOEGAEJ028113," Women's Short Sleeve Badge Tee Grey",19,26,15
GGOEGAAX0614," Onesie Heather",25,26,11
GGOEGAXR065128," Toddler Short Sleeve Tee Red",14,27,8
GGOEGADJ059713," Men's Quilted Insulated Vest Battleship Grey",14,27,12
GGOEGADB056916," Men's Performance Full Zip Jacket Black",15,27,6
GGOEYAAB031813," Men's Short Sleeve Hero Tee Black",15,27,6
GGOEGAXC065630," Toddler Hoodie Royal Blue",18,27,12
GGOEGADB059614," Men's Quilted Insulated Vest Black",20,27,8
GGOEGAFJ036215," Men's Pullover Hoodie Grey",21,27,13
GGOEAAAJ032913,Android Men's Long & Lean Badge Tee Charcoal,24,27,13
GGOEAAEH035215,Android Men's Vintage Henley,25,27,19
GGOEGALQ036616," Women's Scoop Neck Tee White",26,27,14
GGOEAAEJ033416,Android Men's Long Sleeve Badge Crew Tee Heather,15,28,9
GGOEGAAX0680," Youth Baseball Raglan Heather/Black",17,28,13
GGOEGAAX0309,Android Women's Long Sleeve Blended Cardigan Grey,18,28,18
GGOEAAXN066355,Android Toddler Short Sleeve T-shirt Pink,21,28,12
GGOEGATC060313," Women's 1/4 Zip Performance Pullover Two-Tone Blue",21,28,13
GGOEAAYC068724,Android Youth Short Sleeve T-shirt Aqua,25,28,6
GGOEGAAX0106," Men's 100% Cotton Short Sleeve Hero Tee Navy",15,29,6
GGOEGAAR010717," Men's 100% Cotton Short Sleeve Hero Tee Red",15,29,8
GGOEGAAJ073414," Men's Short Sleeve Hero Tee Heather",15,29,11
GGOEAAWT061753,Android Onesie Gold,15,29,15
GGOEAAEJ030914,Android Women's Long Sleeve Blended Cardigan Grey,17,29,7
GGOEGALP036313," Women's Long Sleeve Tee Lavender",20,29,14
GGOEGAYL068124," Youth Sports Tee Navy",22,29,14
GGOEGAAJ080613," Men's Bike Short Sleeve Tee Charcoal",24,29,16
GGOEGAAX0628," Infant Zip Hood Royal Blue",26,29,10
GGOEGAXJ065755," Toddler 1/4 Zip Fleece Pewter",26,29,14
GGOEGAAX0591," Men's Short Sleeve Performance Badge Tee Pewter",27,29,15
GGOEGAWH061353," Onesie Green",27,29,15
GGOEGAEJ035313," Vintage Henley Grey/Black",16,30,6
GGOEGAWQ062250," Infant Short Sleeve Tee White",16,30,13
GGOEAAAH083314,Android Men's Paradise Short Sleeve Tee Olive,18,30,14
GGOEGAAX0652," Toddler Short Sleeve T-shirt Royal Blue",19,30,6
GGOEAAAJ032917,Android Men's Long & Lean Badge Tee Charcoal,20,30,5
GGOEGAWC062850," Infant Zip Hood Royal Blue",21,30,10
GGOEGAXJ065728," Toddler 1/4 Zip Fleece Pewter",27,30,18
GGOEGAAJ057016," Men's Short Sleeve Performance Badge Tee Charcoal",29,30,5
GGOEGAAX0682," Youth Short Sleeve Tee Red",16,31,14
GGOEGALP034313," Women's Vintage Hero Tee Lavender",17,31,11
GGOEGAAX0355," Men's Vintage Tank",18,31,17
GGOEGAWR061048," Onesie Red/Graphite",20,31,5
GGOEGAWQ062249," Infant Short Sleeve Tee White",22,31,14
GGOEGAEA030413," Womens 3/4 Sleeve Baseball Raglan Heather/Black",23,31,9
GGOEGAWR061149," Onesie Red",24,31,16
GGOEGADC059315," Men's Airflow 1/4 Zip Pullover Lapis",24,31,17
GGOEGAAX0690," Youth Short Sleeve Tee White",29,31,19
GGOEGALL074614," Women's Short Sleeve Badge Tee Navy",29,31,19
GGOEGAYH068456," Youth Short Sleeve T-shirt Green",17,32,9
GGOEAAWN062648,Android Infant Short Sleeve Tee Pink,19,32,17
GGOEYAAQ031716," Men's Short Sleeve Hero Tee White",20,32,10
GGOEAOBH078799,Android Luggage Tag,22,32,15
GGOEGAEA030414," Womens 3/4 Sleeve Baseball Raglan Heather/Black",23,32,13
GGOEGAAX0596," Men's Quilted Insulated Vest Black",26,32,8
GGOEGATH060713," Women's Convertible Vest-Jacket Sea Foam Green",27,32,11
GGOEGAAX0350," Men's Bayside Graphic Tee",17,33,8
GGOEGAAX0619," Infant Short Sleeve Tee Royal Blue",17,33,11
GGOEGAPB057813,Women's Performance Full Zip Jacket Black,17,33,14
GGOEYAAJ032515," Men's Short Sleeve Hero Tee Charcoal",17,33,18
GGOEGAAX0296," Women's Short Sleeve Tri-blend Badge Tee Grey",19,33,15
GGOEGAEA030415," Womens 3/4 Sleeve Baseball Raglan Heather/Black",19,33,15
GGOEYAAJ033015," Men's Long & Lean Tee Charcoal",21,33,10
GGOEGALL074613," Women's Short Sleeve Badge Tee Navy",22,33,8
GGOEGAAX0586," Women's Yoga Jacket Black",23,33,6
GGOEGAAX0362," Men's Pullover Hoodie Grey",25,33,5
GGOEGAXJ065729," Toddler 1/4 Zip Fleece Pewter",29,33,7
GGOEGAAX0681," Youth Sports Tee Navy",29,33,18
GGOEGAEJ031315," Tri-blend Hoodie Grey",28,34,12
GGOEAHPB076115,Android Stretch Fit Hat,18,34,8
GGOEAAWT061748,Android Onesie Gold,19,34,9
GGOEGAAJ080617," Men's Bike Short Sleeve Tee Charcoal",19,34,11
GGOEGAPB058613," Women's Yoga Jacket Black",20,34,8
GGOEGAAR010713," Men's 100% Cotton Short Sleeve Hero Tee Red",21,34,10
GGOEGAAX0344," Women's Vintage Hero Tee Platinum",32,34,5
GGOEGAEJ030814," Women's Long Sleeve Blended Cardigan Charcoal",34,37,8
GGOEYAWJ061450," Onesie Heather",19,37,6
GGOEYAWJ061448," Onesie Heather",19,37,7
GGOEGAYL068125," Youth Sports Tee Navy",19,37,14
GGOEGAAX0308," Women's Long Sleeve Blended Cardigan Charcoal",20,37,18
GGOEGAAX0352,Android Men's Vintage Henley,21,37,15
GGOEGAAL010613," Men's 100% Cotton Short Sleeve Hero Tee Navy",21,37,16
GGOEGAEB027816," Women's Short Sleeve Hero Tee Black",21,37,17
GGOEGAWR061154," Onesie Red",27,37,8
GGOEGALQ034215," Women's Vintage Hero Tee White",29,37,19
GGOEYAEB028414,Women's  Short Sleeve Hero Tee Black,31,37,13
GGOEGATB060614," Women's Convertible Vest-Jacket Black",31,37,17
GGOEGEHQ072499," 2200mAh Micro Charger",34,38,11
GGOEGGCX056399,Gift Card - $250.00,22,38,10
GGOEGAAX0320,Android Men's Short Sleeve Hero Tee White,22,38,11
GGOEYAYR068624," Youth Short Sleeve Tee Red",26,38,18
GGOEGAAX0685," Youth Short Sleeve T-shirt Yellow",27,38,7
GGOEAAYJ068824,Android Youth Short Sleeve T-shirt Pewter,27,38,12
GGOEYAAB031815," Men's Short Sleeve Hero Tee Black",36,39,10
GGOEGAAX0687,Android Youth Short Sleeve T-shirt Aqua,24,39,18
GGOEGADJ059715," Men's Quilted Insulated Vest Battleship Grey",30,39,5
GGOEWCKQ085457," Pack of 9 Decal Set",31,39,18
GGOEYAAQ031715," Men's Short Sleeve Hero Tee White",37,39,7
GGOEYAAB031814," Men's Short Sleeve Hero Tee Black",35,40,14
GGOEGBRB079599,25L Classic Rucksack,28,40,15
GGOEGAAX0671," Toddler Short Sleeve Tee White",21,40,10
GGOEGAAX0686," Youth Short Sleeve Tee Red",22,40,6
GGOEGBRD079699,25L Classic Rucksack,23,40,16
GGOEGAAX0364," Women's Tee Grey",26,40,13
GGOEGAER029714," Women's Short Sleeve Hero Tee Red Heather",29,40,9
GGOENEBQ081599," Cam Outdoor Security Camera - CA",37,40,18
GGOEYAAJ032514," Men's Short Sleeve Hero Tee Charcoal",28,41,12
GGOEGAAX0279," Women's Short Sleeve Hero Tee White",21,41,5
GGOEGAFB035813," Men's  Zip Hoodie",21,41,12
GGOEGAFB035816," Men's  Zip Hoodie",22,41,10
GGOEGADB059214," Men's Airflow 1/4 Zip Pullover Black",22,41,15
GGOEGAER035515," Men's Vintage Tank",23,41,5
GGOEAAAL081115,Android Men's Pep Rally Short Sleeve Tee Navy,23,41,11
GGOEGADB059215," Men's Airflow 1/4 Zip Pullover Black",24,41,9
GGOEGAAX0042,Android Stretch Fit Hat,24,41,16
GGOEGAXC065629," Toddler Hoodie Royal Blue",27,41,19
GGOEGAAQ010417," Men's 100% Cotton Short Sleeve Hero Tee White",32,41,15
GGOEGALJ034414," Women's Vintage Hero Tee Platinum",34,42,6
GGOEAAAJ032916,Android Men's Long & Lean Badge Tee Charcoal,28,42,11
GGOEGAEJ030813," Women's Long Sleeve Blended Cardigan Charcoal",23,42,10
GGOEGAYL068126," Youth Sports Tee Navy",25,42,14
GGOEYAAJ033014," Men's Long & Lean Tee Charcoal",29,42,11
GGOEGOCT019199,Red Spiral  Notebook,316,43,8
GGOEAAEH035214,Android Men's Vintage Henley,24,43,15
GGOEGAAX0295," Women's Short Sleeve Tri-blend Badge Tee Charcoal",24,43,18
GGOEYAWJ061453," Onesie Heather",26,43,14
GGOEGAAJ057013," Men's Short Sleeve Performance Badge Tee Charcoal",27,43,15
GGOEGALP034314," Women's Vintage Hero Tee Lavender",27,43,17
GGOEAAEJ033413,Android Men's Long Sleeve Badge Crew Tee Heather,29,43,14
GGOEGAAX0330," Men's Long & Lean Tee Charcoal",38,43,12
GGOEAAAP081215,Android Men's Take Charge Short Sleeve Tee Purple,23,44,10
GGOEGALJ060114," Women's Short Sleeve Performance Tee Pewter",27,44,5
GGOEGADB056614,Men's Weatherblock Shell Jacket Black,27,44,7
GGOEGAAX0291," Women's Short Sleeve Hero Tee Sky Blue",27,44,9
GGOEGKWR060810," Bib Red",27,44,15
GGOEGAAX0657," Toddler 1/4 Zip Fleece Pewter",31,44,17
GGOEGATB060613," Women's Convertible Vest-Jacket Black",33,44,8
GGOEGAAL010616," Men's 100% Cotton Short Sleeve Hero Tee Navy",44,50,5
GGOEGAAB010517," Men's 100% Cotton Short Sleeve Hero Tee Black",36,50,8
GGOEGALQ036615," Women's Scoop Neck Tee White",43,50,11
GGOEGAAX0289," Women's Short Sleeve Hero Dark Grey",26,50,5
GGOEGPXC023299," Collapsible Pet Bowl",27,50,6
GGOEGAWH061354," Onesie Green",33,50,11
GGOEGAYT068526," Youth Short Sleeve T-shirt Yellow",26,51,15
GGOEGAEQ027915," Women's Short Sleeve Hero Tee White",29,51,12
GGOEGADB059615," Men's Quilted Insulated Vest Black",31,51,9
GGOEGAEJ028016," Women's Short Sleeve Hero Tee Grey",33,51,6
GGOEGAAX0656," Toddler Hoodie Royal Blue",33,51,7
GGOEGADJ056813," Men's Watershed Full Zip Hoodie Grey",35,54,9
GGOEGAAX0213,Yoga Mat,29,54,5
GGOEGAAX0569," Men's Performance Full Zip Jacket Black",33,54,12
GGOEGAWN062748," Infant Zip Hood Pink",41,54,13
GGOEGAAX0290," Women's Short Sleeve Hero Tee Charcoal",45,54,16
GGOEGALQ036613," Women's Scoop Neck Tee White",39,59,6
GGOEGAAX0231," Collapsible Pet Bowl",39,59,15
GGOEGAYT068525," Youth Short Sleeve T-shirt Yellow",33,59,14
GGOEYAEA035117," Men's Vintage Henley",37,59,8
GGOEAHPJ004314,Android Stretch Fit Hat M/L,37,59,13
GGOEGAAJ032314," Men's Short Sleeve Hero Tee Charcoal",49,59,12
GGOEGEHQ072599," 4400mAh Power Bank",50,65,7
GGOEYAEA035114," Men's Vintage Henley",46,65,11
GGOEGAAX0329,Android Men's Long & Lean Badge Tee Charcoal,39,65,18
GGOEGALJ034415," Women's Vintage Hero Tee Platinum",36,65,19
GGOEGAAX0343," Women's Vintage Hero Tee Lavender",33,65,17
GGOEGAEQ027913," Women's Short Sleeve Hero Tee White",38,65,7
GGOEAAXN066329,Android Toddler Short Sleeve T-shirt Pink,54,70,11
GGOEGAEC033116," Men's Long Sleeve Raglan Ocean Blue",39,70,15
GGOEAAXN066330,Android Toddler Short Sleeve T-shirt Pink,44,70,19
GGOEGAAJ080616," Men's Bike Short Sleeve Tee Charcoal",41,70,11
GGOEGADB056915," Men's Performance Full Zip Jacket Black",41,70,18
GGOEGALB034117," Women's Vintage Hero Tee Black",59,74,13
GGOEGAAH034017," Men's Vintage Badge Tee Sage",40,74,14
GGOEGAAL010614," Men's 100% Cotton Short Sleeve Hero Tee Navy",62,74,15
GGOEYAEB035615," Men's Vintage Tank",52,74,15
GGOEGAAQ033913," Men's Vintage Badge Tee White",41,74,18
GGOEGAWQ062948," Baby Essentials Set",261,77,10
GGOEAAYC068756,Android Youth Short Sleeve T-shirt Aqua,64,77,13
GGOEGGCX056199,Gift Card- $100.00,45,77,10
GGOEAAYC068725,Android Youth Short Sleeve T-shirt Aqua,51,77,7
GGOEGAAX0299," Women's V-Neck Tee Charcoal",51,77,8
